id,customer_id,car_id,date_bid,bid_price,bid_status
1,12,34,2021-12-30 16:50:42.289933,148043000,Pending
2,44,8,2020-08-31 20:51:46.803370,77873000,Pending
3,44,16,2022-11-13 04:14:52.170632,75290000,Pending
4,27,45,2023-07-18 17:16:39.330034,349027000,Sent
5,28,33,2021-10-08 01:42:40.638008,205047000,Pending
6,65,48,2020-09-01 00:14:49.973572,137790000,Sent
7,18,26,2023-11-26 19:43:56.154468,136233000,Pending
8,87,19,2020-12-26 23:12:36.359509,90380000,Pending
9,5,42,2023-04-19 17:56:41.168514,143532000,Pending
10,14,43,2020-12-25 00:09:21.081323,174233000,Pending
11,29,49,2021-02-12 10:53:19.648000,84526000,Sent
12,50,8,2020-08-28 05:46:55.191061,88783000,Pending
13,52,45,2023-07-24 18:07:47.927678,336845000,Pending
14,24,1,2021-11-10 16:56:13.676158,141703000,Pending
15,21,2,2024-07-26 10:34:02.051745,188212000,Sent
16,7,36,2022-04-21 03:04:11.044141,335748000,Sent
17,20,30,2024-01-12 15:43:05.034293,114974000,Sent
18,43,16,2022-11-13 05:26:03.525822,66641000,Sent
19,100,17,2024-05-04 20:01:13.396402,89145000,Sent
20,53,29,2024-06-08 20:31:01.202338,78310000,Pending
21,99,32,2024-05-16 02:48:18.239233,198995000,Sent
22,60,44,2024-03-25 18:18:52.816947,131364000,Pending
23,28,49,2021-02-08 17:56:55.767040,75895000,Sent
24,70,4,2022-06-26 11:39:25.803652,178606000,Sent
25,6,41,2024-06-11 14:57:40.900472,271821000,Pending
26,48,36,2022-04-08 23:03:07.409913,347530000,Sent
27,30,39,2021-12-23 00:26:12.672280,227122000,Sent
28,60,38,2024-02-18 11:39:16.328620,85011000,Sent
29,56,13,2020-06-22 05:46:41.392565,84505000,Pending
30,3,18,2022-04-27 04:02:49.450094,69391000,Sent
31,66,11,2023-04-13 05:25:30.193567,91225000,Sent
32,8,22,2024-02-05 21:38:32.517562,206175000,Pending
33,94,17,2024-04-23 10:00:00.493805,105879000,Sent
34,48,2,2024-07-06 07:00:00.684452,168623000,Pending
35,78,25,2022-01-24 07:05:38.827499,169700000,Sent
36,73,6,2021-06-02 21:08:40.310260,104976000,Pending
37,95,19,2020-12-28 18:52:22.959609,99581000,Pending
38,88,23,2021-01-13 14:44:46.238314,151835000,Pending
39,57,7,2020-03-16 09:34:07.215202,87495000,Sent
40,13,9,2021-05-08 13:50:05.891469,138975000,Sent
41,64,25,2022-01-10 20:17:25.954515,181431000,Pending
42,1,50,2020-10-02 08:18:24.379189,124441000,Sent
43,31,11,2023-04-07 08:21:39.616964,123018000,Pending
44,68,24,2021-04-02 05:29:41.560024,131515000,Pending
45,54,15,2022-10-24 11:41:06.631314,86895000,Sent
46,16,29,2024-06-24 17:11:02.813332,89842000,Sent
47,52,33,2021-10-09 03:23:50.865108,178894000,Pending
48,43,41,2024-06-27 10:08:12.702345,261363000,Sent
49,82,13,2020-06-30 17:58:29.014897,104985000,Pending
50,5,36,2022-04-20 05:40:57.757160,340572000,Sent
51,72,43,2020-12-12 14:27:26.068480,131771000,Sent
52,83,44,2024-03-20 14:18:45.560949,162780000,Pending
53,52,42,2023-04-19 12:59:46.696458,118146000,Pending
54,80,10,2020-11-22 18:35:43.470231,99377000,Pending
55,27,40,2023-05-21 00:27:44.645457,311753000,Pending
56,86,7,2020-03-12 22:43:41.942651,80042000,Pending
57,57,16,2022-12-05 08:15:00.201113,71990000,Sent
58,24,35,2020-03-23 06:15:37.132085,167141000,Sent
59,68,27,2023-01-09 03:08:58.261355,166208000,Sent
60,59,38,2024-03-02 13:19:00.548801,105751000,Pending
61,14,17,2024-05-08 12:43:46.946847,113675000,Pending
62,53,10,2020-11-19 07:44:27.143203,105257000,Sent
63,1,38,2024-03-05 00:48:41.834001,93699000,Pending
64,19,5,2020-09-17 12:26:42.939737,107310000,Pending
65,9,16,2022-11-14 11:16:45.751918,59015000,Pending
66,60,36,2022-04-19 19:54:17.288443,368088000,Pending
67,58,20,2020-08-31 13:50:26.419480,96194000,Pending
68,27,31,2020-05-22 21:21:06.953178,185758000,Sent
69,100,35,2020-03-23 21:33:17.919741,154939000,Sent
70,27,7,2020-03-16 18:23:39.028369,69931000,Sent
71,63,14,2021-03-17 00:46:33.828270,86780000,Sent
72,2,18,2022-04-21 03:58:03.971369,85024000,Sent
73,66,33,2021-10-21 08:24:40.439218,186878000,Sent
74,59,42,2023-04-24 14:04:11.630656,124510000,Sent
75,67,19,2020-12-20 14:11:09.025600,105233000,Sent
76,45,50,2020-10-03 12:22:20.985779,145230000,Sent
77,66,44,2024-03-14 14:52:26.289170,165527000,Sent
78,5,50,2020-10-01 06:02:16.407358,151788000,Pending
79,68,38,2024-02-25 10:03:10.436809,109473000,Pending
80,42,31,2020-05-11 01:11:18.636508,174897000,Pending
81,35,17,2024-04-29 07:48:17.631824,111807000,Sent
82,31,36,2022-04-07 15:41:43.579606,373055000,Pending
83,51,32,2024-05-15 00:19:16.735697,222732000,Sent
84,84,44,2024-03-30 15:59:20.227386,130422000,Pending
85,56,35,2020-03-25 10:02:56.885948,127783000,Sent
86,7,33,2021-10-07 17:03:37.600227,153616000,Pending
87,50,29,2024-06-29 18:54:47.573241,70012000,Sent
88,69,10,2020-11-24 05:52:37.731387,85078000,Sent
89,82,36,2022-04-11 15:29:05.005059,361892000,Sent
90,31,1,2021-11-23 18:56:09.939937,154840000,Sent
91,99,24,2021-04-06 09:39:58.692956,152905000,Pending
92,100,31,2020-05-06 19:36:26.051732,213768000,Pending
93,86,13,2020-07-15 13:29:57.368472,94538000,Pending
94,29,10,2020-10-30 11:56:01.738107,84155000,Pending
95,42,16,2022-11-10 01:27:52.060446,65231000,Sent
96,61,29,2024-06-16 00:42:07.701895,79832000,Sent
97,14,35,2020-03-24 02:04:51.935612,163596000,Pending
98,42,22,2024-01-31 21:00:04.952465,157463000,Sent
99,44,29,2024-06-27 02:52:00.754217,78977000,Sent
100,60,30,2023-12-17 05:53:57.332178,130635000,Sent
101,80,21,2024-03-02 01:40:06.889997,170018000,Pending
102,26,11,2023-04-15 07:49:36.959309,91114000,Pending
103,70,44,2024-03-28 16:02:06.441684,145501000,Pending
104,73,29,2024-06-04 14:25:35.671502,92585000,Pending
105,37,15,2022-10-06 13:41:27.362315,97407000,Pending
106,9,15,2022-10-11 20:15:32.474407,87296000,Pending
107,55,12,2020-02-25 15:49:14.609818,103895000,Pending
108,6,45,2023-07-23 09:03:38.510682,367067000,Sent
109,51,49,2021-02-11 11:22:58.920553,71087000,Sent
110,33,40,2023-05-05 08:20:35.844636,332759000,Pending
111,80,33,2021-10-13 12:00:38.632468,175764000,Pending
112,77,50,2020-09-17 00:28:53.058166,119565000,Pending
113,71,37,2022-03-05 08:37:18.753208,285666000,Sent
114,85,37,2022-02-28 13:18:23.965877,266998000,Pending
115,51,45,2023-08-08 20:54:29.021801,371535000,Sent
116,55,46,2021-09-13 10:47:44.455065,96371000,Sent
117,87,23,2021-01-14 12:53:16.569722,154640000,Sent
118,93,42,2023-05-15 22:12:52.511644,138536000,Pending
119,32,36,2022-04-14 14:46:53.755955,322347000,Pending
120,48,23,2021-01-26 21:28:12.297129,173321000,Pending
121,56,41,2024-06-14 23:23:09.788214,327706000,Sent
122,84,26,2023-11-23 12:55:01.649878,142568000,Pending
123,70,41,2024-06-18 13:35:55.745982,247257000,Pending
124,1,6,2021-05-29 21:43:45.516951,105845000,Sent
125,71,46,2021-10-09 22:07:39.708962,103621000,Sent
126,6,30,2023-12-24 07:58:46.836137,127575000,Sent
127,7,28,2024-06-16 09:37:17.771238,126191000,Sent
128,58,48,2020-09-12 10:06:55.286763,124809000,Sent
129,99,46,2021-09-21 17:56:06.456277,89031000,Pending
130,71,2,2024-07-17 10:36:22.231195,153659000,Sent
131,84,8,2020-08-13 10:30:49.221222,96032000,Pending
132,34,29,2024-06-08 03:03:01.569844,70086000,Pending
133,80,10,2020-10-30 06:31:58.777333,108953000,Sent
134,86,24,2021-04-13 22:48:29.665043,121259000,Sent
135,39,41,2024-06-27 20:24:42.831633,331219000,Pending
136,52,49,2021-01-31 22:39:49.574111,73045000,Pending
137,100,10,2020-11-24 05:03:34.974492,100128000,Pending
138,14,19,2020-12-17 04:33:50.385938,91226000,Pending
139,19,5,2020-08-30 11:22:04.714701,94500000,Sent
140,26,18,2022-05-02 16:07:23.945455,86529000,Sent
141,19,18,2022-04-15 11:34:24.078916,89714000,Sent
142,71,44,2024-03-10 17:51:32.130475,159646000,Pending
143,97,6,2021-06-15 09:16:49.140756,92854000,Sent
144,3,39,2021-12-03 00:58:40.201138,203112000,Sent
145,31,2,2024-07-16 06:34:53.915087,197815000,Pending
146,92,50,2020-09-26 07:23:15.789616,134848000,Sent
147,52,46,2021-09-28 23:48:37.893992,91752000,Pending
148,73,50,2020-09-16 12:23:44.448245,121455000,Pending
149,82,26,2023-12-08 00:29:05.064221,158104000,Pending
150,58,17,2024-05-01 23:48:24.615352,109871000,Pending
151,94,37,2022-02-18 15:07:18.869421,299878000,Sent
152,82,36,2022-03-26 01:49:24.818935,356448000,Pending
153,34,23,2021-02-03 16:43:06.468922,172079000,Sent
154,1,49,2021-01-25 01:46:23.763543,82310000,Pending
155,55,50,2020-09-22 19:05:10.612776,139660000,Sent
156,66,6,2021-05-30 02:01:07.588355,93637000,Pending
157,41,21,2024-03-15 09:32:24.767435,140099000,Sent
158,2,16,2022-11-25 12:53:46.839987,70150000,Sent
159,69,7,2020-03-09 05:04:47.412617,68147000,Sent
160,78,32,2024-05-10 15:58:39.401863,193699000,Pending
161,8,47,2020-04-04 14:06:49.651798,131739000,Pending
162,49,46,2021-10-09 01:58:05.656637,101256000,Sent
163,23,15,2022-10-23 03:00:02.867530,93404000,Sent
164,45,14,2021-04-05 15:39:22.221399,98211000,Pending
165,83,10,2020-11-23 22:18:17.119708,105258000,Pending
166,66,46,2021-09-15 08:23:06.643275,117485000,Pending
167,37,10,2020-10-31 04:04:01.898951,98478000,Sent
168,78,24,2021-04-07 03:33:00.358086,116716000,Sent
169,96,44,2024-03-10 11:51:56.019211,133339000,Sent
170,8,31,2020-05-20 04:51:40.915330,172976000,Pending
171,63,6,2021-06-13 07:32:35.760997,86992000,Pending
172,74,30,2024-01-09 14:35:11.951860,124878000,Sent
173,14,26,2023-12-13 20:16:38.636398,120677000,Pending
174,94,36,2022-04-16 19:06:09.013293,391759000,Sent
175,53,19,2021-01-10 06:54:42.018389,93195000,Pending
176,71,38,2024-03-04 19:51:01.333406,88467000,Pending
177,80,41,2024-06-07 08:16:11.548122,287803000,Sent
178,24,9,2021-05-06 01:34:09.906917,119352000,Pending
179,90,24,2021-04-23 11:06:06.300894,140818000,Pending
180,95,37,2022-03-06 01:50:06.630620,253516000,Pending
181,87,12,2020-02-14 15:53:13.964171,129358000,Sent
182,70,9,2021-04-26 12:46:18.030442,130028000,Pending
183,58,18,2022-04-17 10:46:27.097642,88164000,Sent
184,3,36,2022-03-26 06:01:13.616182,306405000,Sent
185,4,27,2023-01-15 14:11:31.702081,187246000,Pending
186,71,31,2020-05-14 00:41:33.866356,212822000,Sent
187,52,30,2024-01-09 09:03:13.209394,140641000,Pending
188,26,37,2022-02-22 10:16:34.260610,294903000,Sent
189,52,50,2020-09-30 15:03:13.751561,147783000,Sent
190,1,16,2022-11-25 23:27:38.094819,76121000,Sent
191,71,2,2024-07-25 15:17:55.322324,152628000,Sent
192,93,22,2024-02-14 13:17:31.101508,201996000,Pending
193,72,50,2020-09-09 00:36:37.813291,145369000,Sent
194,76,2,2024-07-11 22:28:00.838839,168403000,Sent
195,36,10,2020-11-14 10:35:22.144992,94941000,Sent
196,51,8,2020-08-12 03:07:43.997808,90919000,Sent
197,96,46,2021-09-14 23:13:43.453951,97176000,Pending
198,80,2,2024-07-25 16:13:25.317488,163849000,Sent
199,5,9,2021-05-11 02:40:49.612185,124074000,Sent
200,8,1,2021-11-17 09:09:56.333856,138305000,Sent
201,65,42,2023-04-28 06:28:25.664963,131034000,Pending
202,80,41,2024-06-18 03:29:05.928617,274914000,Pending
203,93,50,2020-09-10 14:41:04.711014,156980000,Pending
204,74,10,2020-11-20 15:07:14.627804,109135000,Sent
205,35,34,2021-12-28 00:07:50.408766,162379000,Sent
206,5,30,2024-01-04 01:26:58.921835,150586000,Pending
207,76,42,2023-05-02 19:46:50.731776,140113000,Pending
208,90,42,2023-05-10 14:20:13.962216,147860000,Pending
209,94,33,2021-10-16 15:32:51.557765,190609000,Pending
210,99,4,2022-07-17 15:37:24.192521,160301000,Sent
211,33,27,2023-01-13 13:33:54.784766,176030000,Pending
212,93,35,2020-03-20 21:06:17.229101,162437000,Pending
213,16,28,2024-06-21 04:17:44.143183,116073000,Pending
214,61,7,2020-03-04 11:48:36.532426,70542000,Pending
215,55,9,2021-04-30 18:15:03.537096,140257000,Sent
216,47,7,2020-02-23 06:24:56.365298,88253000,Sent
217,13,17,2024-05-14 22:00:21.771725,89925000,Sent
218,25,9,2021-04-27 13:13:02.403748,109534000,Pending
219,24,22,2024-02-14 04:56:21.970057,201900000,Pending
220,56,26,2023-12-10 02:06:55.535421,137449000,Sent
221,41,14,2021-03-24 04:14:53.497495,92839000,Sent
222,64,50,2020-09-13 07:58:16.843345,158015000,Sent
223,81,21,2024-02-21 00:46:47.542870,147019000,Pending
224,21,10,2020-11-04 22:43:53.595806,100627000,Pending
225,26,13,2020-07-15 16:37:58.209530,82662000,Pending
226,56,6,2021-06-13 19:57:06.876949,83653000,Pending
227,1,32,2024-05-02 02:18:11.532976,233082000,Pending
228,85,49,2021-02-02 09:35:31.238063,74263000,Pending
229,88,38,2024-02-27 12:49:11.558265,106702000,Sent
230,94,6,2021-06-08 11:56:21.335426,94714000,Pending
231,36,16,2022-11-14 07:09:07.587932,76731000,Sent
232,72,12,2020-02-24 15:11:40.060756,116970000,Pending
233,26,26,2023-12-09 09:14:06.323165,153513000,Pending
234,74,40,2023-05-10 11:44:45.964328,291666000,Pending
235,1,5,2020-09-11 05:37:58.900680,100982000,Sent
236,16,46,2021-09-14 04:12:54.973121,112222000,Pending
237,82,16,2022-11-20 02:13:45.833771,59962000,Pending
238,16,9,2021-05-19 02:24:25.067227,145610000,Sent
239,42,33,2021-11-01 08:36:32.006641,170541000,Sent
240,32,12,2020-02-25 02:30:29.119906,108970000,Pending
241,30,23,2021-02-03 16:30:39.286421,155040000,Pending
242,24,7,2020-03-11 08:35:07.406760,77845000,Sent
243,8,33,2021-10-17 01:58:32.699400,204884000,Pending
244,53,49,2021-02-02 14:40:11.684010,72887000,Sent
245,68,45,2023-07-21 11:57:27.603771,373599000,Pending
246,92,18,2022-05-08 00:01:01.323667,67870000,Pending
247,18,37,2022-02-15 06:57:42.764755,244493000,Pending
248,37,14,2021-03-27 06:40:02.651413,87341000,Sent
249,85,41,2024-06-13 22:55:16.873433,290420000,Pending
250,77,24,2021-04-15 13:08:11.297386,125490000,Sent
251,94,10,2020-11-09 12:29:16.835652,106843000,Sent
252,23,37,2022-02-28 05:40:21.630287,305918000,Pending
253,78,32,2024-05-12 05:42:59.851501,220473000,Pending
254,55,13,2020-06-21 13:28:10.690395,93167000,Sent
255,89,17,2024-04-23 15:02:07.206112,100662000,Sent
256,11,19,2020-12-16 10:58:03.800162,100834000,Pending
257,58,15,2022-10-21 13:41:27.011598,77169000,Pending
258,8,36,2022-04-20 05:34:59.085644,370174000,Pending
259,17,42,2023-05-12 07:32:55.639895,147399000,Pending
260,45,8,2020-08-08 17:38:08.347058,102838000,Sent
261,27,33,2021-10-27 23:44:26.681354,173708000,Pending
262,65,46,2021-09-28 23:18:09.156712,108413000,Pending
263,40,41,2024-06-27 08:25:33.799297,282256000,Sent
264,44,47,2020-03-29 04:12:18.136354,168995000,Pending
265,86,42,2023-05-07 02:54:13.583718,142716000,Pending
266,68,14,2021-03-16 18:47:15.835207,93938000,Pending
267,99,24,2021-04-28 22:30:44.695397,139072000,Pending
268,10,18,2022-04-30 11:57:11.143315,89534000,Pending
269,18,14,2021-03-19 06:57:21.027576,96160000,Sent
270,5,15,2022-10-13 17:25:25.147457,99462000,Sent
271,84,39,2021-12-12 20:00:07.470309,190987000,Sent
272,3,20,2020-08-18 10:31:34.076545,84612000,Pending
273,27,44,2024-03-17 16:23:04.048005,162315000,Sent
274,10,32,2024-05-15 12:07:57.676250,178375000,Sent
275,97,46,2021-09-12 21:47:02.346160,117672000,Sent
276,19,27,2023-02-02 04:50:12.876918,195155000,Pending
277,7,10,2020-11-13 18:07:48.132608,94203000,Sent
278,97,47,2020-04-17 05:12:02.827952,156921000,Pending
279,41,31,2020-04-28 16:55:21.322180,215668000,Sent
280,37,32,2024-05-17 07:10:18.517799,206436000,Pending
281,81,38,2024-02-28 13:27:28.846738,81333000,Sent
282,28,33,2021-11-01 07:09:09.296685,193458000,Pending
283,73,41,2024-06-10 14:39:36.294799,266340000,Pending
284,84,50,2020-09-19 10:21:22.924022,157656000,Sent
285,61,19,2021-01-08 11:24:09.601371,82159000,Pending
286,1,36,2022-04-04 16:57:47.128810,354478000,Sent
287,71,37,2022-02-20 10:25:47.571662,260682000,Sent
288,50,34,2021-12-29 22:48:13.479532,154391000,Pending
289,31,3,2022-07-24 13:52:37.583859,120985000,Pending
290,77,10,2020-11-14 09:43:03.498377,86821000,Sent
291,81,11,2023-04-19 09:25:11.786339,116526000,Sent
292,90,39,2021-12-10 13:05:00.084432,214944000,Pending
293,43,9,2021-05-01 16:55:55.267561,109891000,Sent
294,30,27,2023-01-24 12:12:35.772356,181012000,Pending
295,33,36,2022-03-31 23:09:16.070874,355180000,Pending
296,97,32,2024-05-24 06:06:07.070212,225245000,Pending
297,81,43,2020-12-29 15:28:26.671071,158092000,Pending
298,93,37,2022-02-09 23:47:20.276685,293439000,Pending
299,53,23,2021-01-23 08:48:59.749571,166173000,Pending
300,27,43,2020-12-27 13:10:49.150009,145386000,Pending
301,63,13,2020-07-17 21:46:38.789464,102646000,Pending
302,76,7,2020-03-01 11:01:16.040412,80859000,Sent
303,65,32,2024-05-26 08:41:45.666364,221596000,Pending
304,88,5,2020-09-25 05:20:40.222700,102938000,Sent
305,41,30,2024-01-07 06:18:40.948065,131765000,Sent
306,14,36,2022-03-29 12:53:45.357973,389041000,Sent
307,67,18,2022-04-19 15:06:40.865974,86063000,Sent
308,43,49,2021-01-31 11:20:30.312148,73569000,Pending
309,90,29,2024-06-23 10:13:12.948696,88093000,Sent
310,8,37,2022-02-08 09:19:55.925936,282085000,Sent
311,64,17,2024-05-18 18:53:17.066797,109803000,Sent
312,14,22,2024-02-06 20:07:33.049745,187815000,Sent
313,88,33,2021-10-15 03:05:24.969810,162499000,Sent
314,66,39,2021-12-01 03:06:52.389409,202216000,Pending
315,71,10,2020-11-23 13:35:44.877789,96649000,Pending
316,23,14,2021-03-14 16:49:47.798823,94461000,Pending
317,85,50,2020-10-04 08:09:43.579279,131384000,Pending
318,32,11,2023-04-24 02:49:59.162749,91831000,Pending
319,94,48,2020-09-03 19:00:28.742688,124095000,Pending
320,30,32,2024-05-12 02:23:11.338372,179767000,Pending
321,85,50,2020-10-04 19:54:21.348966,154865000,Sent
322,44,25,2022-01-22 07:18:11.475712,181527000,Sent
323,7,11,2023-04-24 02:12:52.173133,99714000,Sent
324,43,19,2020-12-30 07:54:34.924638,101776000,Pending
325,10,24,2021-03-31 04:36:54.462712,127741000,Sent
326,100,48,2020-09-23 05:37:07.667102,130784000,Sent
327,71,38,2024-02-25 22:18:19.638036,83785000,Sent
328,70,31,2020-05-16 15:46:06.434922,214662000,Pending
329,64,20,2020-08-18 06:07:58.279218,106430000,Pending
330,25,17,2024-05-03 07:00:45.284322,109065000,Pending
331,10,28,2024-05-29 07:58:05.959094,113433000,Pending
332,77,32,2024-05-20 14:55:23.050741,234166000,Sent
333,24,12,2020-02-23 05:06:18.299250,96017000,Sent
334,24,48,2020-09-18 09:04:54.197215,130631000,Sent
335,62,2,2024-07-24 04:27:34.125409,186054000,Pending
336,44,20,2020-08-12 01:43:45.955075,85160000,Sent
337,8,10,2020-10-31 09:19:00.078555,108812000,Sent
338,58,39,2021-12-12 15:58:12.587774,225960000,Pending
339,85,45,2023-07-16 03:07:26.160204,323873000,Sent
340,98,37,2022-02-05 06:11:17.444393,252068000,Sent
341,40,5,2020-09-02 03:04:51.575871,105795000,Pending
342,89,6,2021-06-15 10:24:57.135627,82090000,Pending
343,12,18,2022-04-24 11:29:46.940933,67388000,Pending
344,95,38,2024-03-12 12:25:29.707530,99339000,Pending
345,24,19,2021-01-06 12:13:21.760118,91963000,Pending
346,58,26,2023-12-18 17:28:00.274656,130652000,Pending
347,27,32,2024-05-17 20:56:25.978252,216151000,Pending
348,93,14,2021-04-06 10:24:18.441338,85673000,Pending
349,8,1,2021-10-29 01:55:42.439531,158261000,Sent
350,53,37,2022-02-09 11:33:34.217217,308881000,Pending
351,69,34,2021-12-28 14:53:06.398949,148878000,Pending
352,97,21,2024-03-02 08:13:14.576584,134619000,Pending
353,44,21,2024-03-14 21:04:41.754255,147748000,Pending
354,69,6,2021-06-09 10:20:28.434525,106654000,Pending
355,37,26,2023-12-03 12:27:12.968191,123344000,Sent
356,93,46,2021-09-13 08:23:53.319321,108288000,Pending
357,98,45,2023-07-21 05:26:41.152158,345822000,Sent
358,91,15,2022-10-08 00:34:47.442744,91836000,Pending
359,56,44,2024-03-24 05:42:41.562931,130035000,Sent
360,86,43,2021-01-06 14:02:04.733684,170594000,Pending
361,71,3,2022-07-25 17:28:41.523385,141322000,Pending
362,43,35,2020-03-06 08:55:25.628213,141150000,Pending
363,39,6,2021-06-17 00:10:04.308003,93590000,Pending
364,92,39,2021-12-02 06:20:41.153802,199383000,Sent
365,49,36,2022-04-17 02:25:47.377124,337063000,Pending
366,83,3,2022-08-12 11:41:31.961544,119185000,Pending
367,2,50,2020-09-26 00:22:06.663655,140980000,Pending
368,28,10,2020-11-23 21:12:28.473937,107564000,Pending
369,11,39,2021-12-16 01:07:30.193880,199754000,Sent
370,46,37,2022-02-27 01:32:44.698541,257746000,Sent
371,64,4,2022-06-28 21:09:03.577971,204973000,Sent
372,94,11,2023-04-08 06:48:58.351634,97595000,Sent
373,50,1,2021-11-21 21:22:55.855935,140848000,Sent
374,88,32,2024-05-22 15:23:14.525007,190828000,Pending
375,9,5,2020-09-23 06:02:29.082529,114314000,Pending
376,31,12,2020-03-05 06:48:49.679248,121548000,Pending
377,54,46,2021-09-18 11:16:45.538076,115200000,Pending
378,98,1,2021-11-22 17:43:40.597277,126503000,Sent
379,55,5,2020-09-24 18:16:21.706737,109365000,Sent
380,33,19,2021-01-04 18:43:05.827859,98480000,Pending
381,23,6,2021-06-03 17:55:22.406133,92865000,Pending
382,70,10,2020-10-30 17:09:52.791269,90362000,Sent
383,63,4,2022-07-18 13:36:06.418820,206684000,Sent
384,22,35,2020-03-24 11:35:14.367653,164710000,Sent
385,88,50,2020-10-01 23:23:08.297117,144911000,Pending
386,34,35,2020-02-29 18:48:55.476412,157666000,Pending
387,30,50,2020-09-08 09:09:00.413761,158174000,Pending
388,2,49,2021-02-16 19:58:42.288389,76948000,Sent
389,52,9,2021-05-17 05:10:09.560097,113345000,Pending
390,30,14,2021-03-24 10:23:17.064318,89403000,Pending
391,76,34,2022-01-06 02:47:52.190288,149809000,Pending
392,98,19,2020-12-25 05:13:10.503181,98471000,Pending
393,49,5,2020-09-05 23:21:06.741433,87458000,Sent
394,57,39,2021-12-01 18:11:36.571560,241543000,Sent
395,88,44,2024-03-11 12:18:30.428925,148023000,Sent
396,88,45,2023-07-27 16:37:54.092342,342652000,Sent
397,16,45,2023-07-15 15:38:41.703146,322625000,Pending
398,12,19,2020-12-22 03:30:33.363906,94831000,Sent
399,19,16,2022-11-15 07:35:42.848801,58967000,Sent
400,17,4,2022-07-14 12:16:27.350906,187746000,Sent
401,84,34,2022-01-05 00:33:19.658642,142949000,Pending
402,59,3,2022-08-13 11:10:27.261440,143622000,Pending
403,31,32,2024-05-01 13:13:51.863631,230790000,Sent
404,23,16,2022-12-04 18:44:43.225480,66589000,Sent
405,22,43,2020-12-25 12:23:06.953412,175333000,Sent
406,82,31,2020-04-28 03:26:52.303583,189571000,Pending
407,67,40,2023-05-30 18:27:36.778026,329322000,Sent
408,62,34,2022-01-16 05:27:18.222510,163689000,Sent
409,23,43,2020-12-13 23:46:36.548651,150520000,Pending
410,76,15,2022-10-04 02:33:24.481830,80687000,Sent
411,23,20,2020-08-03 14:08:33.902018,85068000,Pending
412,40,37,2022-02-12 07:50:19.041901,307178000,Pending
413,44,33,2021-10-17 12:38:42.008869,199304000,Pending
414,30,18,2022-04-19 08:06:38.210779,76744000,Sent
415,59,44,2024-03-28 19:05:02.138969,137945000,Sent
416,87,18,2022-05-05 06:37:04.202573,84301000,Sent
417,80,9,2021-04-28 16:42:37.007272,138599000,Pending
418,11,20,2020-08-22 12:12:15.482588,80930000,Pending
419,75,30,2024-01-07 12:36:40.435488,116234000,Pending
420,15,46,2021-09-26 02:00:16.793771,115283000,Sent
421,38,48,2020-09-10 01:59:01.456502,135261000,Sent
422,15,42,2023-05-10 21:50:55.166872,119853000,Pending
423,23,32,2024-05-18 04:28:46.588670,193383000,Sent
424,43,14,2021-04-03 21:14:34.294110,78196000,Sent
425,27,28,2024-05-29 17:48:24.466924,114151000,Sent
426,43,22,2024-02-03 21:58:03.727598,165164000,Sent
427,87,17,2024-05-19 20:37:42.635427,108312000,Sent
428,27,44,2024-03-27 23:23:44.644248,133959000,Sent
429,58,5,2020-09-08 14:45:44.863201,111944000,Pending
430,47,38,2024-02-18 22:51:34.746107,109382000,Pending
431,41,18,2022-05-07 01:38:18.392887,85793000,Pending
432,46,45,2023-08-04 11:22:46.705972,356691000,Sent
433,17,2,2024-07-07 16:24:50.093383,179830000,Pending
434,25,5,2020-09-19 01:19:40.668515,90519000,Pending
435,79,9,2021-05-03 17:20:19.306124,111011000,Pending
436,23,3,2022-08-14 16:36:18.169745,142780000,Sent
437,48,18,2022-04-22 04:29:06.236938,77487000,Pending
438,25,21,2024-02-22 05:01:27.372165,138751000,Pending
439,2,29,2024-06-22 11:33:26.704593,90600000,Pending
440,32,41,2024-06-13 00:30:53.792209,310767000,Pending
441,23,42,2023-05-12 04:35:31.079967,122776000,Pending
442,30,44,2024-03-27 16:05:55.519383,126756000,Pending
443,11,5,2020-09-05 07:40:33.032662,105972000,Pending
444,40,27,2023-02-03 12:14:39.389613,189390000,Sent
445,51,14,2021-03-16 04:40:01.949245,80921000,Pending
446,53,28,2024-05-29 00:27:49.036479,115022000,Sent
447,81,38,2024-03-01 18:59:54.932887,81954000,Pending
448,70,30,2023-12-30 09:41:31.419441,133641000,Pending
449,63,20,2020-08-04 11:12:10.335953,84919000,Sent
450,81,26,2023-12-13 18:09:21.990478,150964000,Sent
451,53,22,2024-02-18 05:23:58.024197,170963000,Pending
452,18,35,2020-02-27 20:32:36.395005,144767000,Pending
453,55,15,2022-10-24 13:59:24.186746,75768000,Pending
454,67,24,2021-04-24 09:08:41.789765,149411000,Sent
455,23,18,2022-05-05 03:44:54.779706,76608000,Pending
456,49,48,2020-09-15 12:25:33.464620,126611000,Sent
457,1,9,2021-05-21 22:19:34.487103,119910000,Pending
458,93,9,2021-05-01 11:15:19.513610,131574000,Sent
459,41,27,2023-01-31 11:37:29.044966,178776000,Sent
460,19,10,2020-11-14 17:11:14.257383,102778000,Pending
461,86,48,2020-09-18 21:10:27.479236,121909000,Pending
462,86,37,2022-02-08 05:19:41.780713,261849000,Sent
463,40,34,2022-01-20 03:47:12.511985,166657000,Pending
464,12,29,2024-06-28 09:19:58.544006,90999000,Pending
465,62,21,2024-03-08 07:34:36.826683,162486000,Sent
466,92,39,2021-11-28 19:53:51.003120,247583000,Sent
467,24,42,2023-04-23 03:31:50.041518,141198000,Sent
468,7,12,2020-03-12 03:20:40.469966,118097000,Sent
469,51,31,2020-05-02 03:30:00.336872,168970000,Sent
470,12,10,2020-10-28 01:48:21.795951,94327000,Sent
471,89,45,2023-07-31 17:09:31.698314,365822000,Pending
472,18,48,2020-09-09 04:36:32.365102,142760000,Sent
473,27,34,2022-01-12 14:58:47.187564,164173000,Sent
474,37,45,2023-07-27 05:26:16.588867,349740000,Pending
475,87,23,2021-01-31 11:28:30.089149,164718000,Sent
476,42,18,2022-05-08 07:43:51.870958,78713000,Pending
477,60,25,2022-01-15 00:39:40.975133,169572000,Sent
478,11,50,2020-10-02 00:45:30.258760,131527000,Pending
479,80,34,2022-01-08 05:04:21.662013,150758000,Pending
480,36,44,2024-03-16 12:33:30.325512,134980000,Sent
481,63,31,2020-05-02 06:44:06.538665,177785000,Pending
482,1,22,2024-02-17 23:54:46.925984,171832000,Sent
483,29,25,2022-01-09 09:44:18.748312,151366000,Sent
484,61,15,2022-10-30 15:52:59.777802,85812000,Sent
485,96,29,2024-06-21 22:50:11.804757,72041000,Pending
486,57,1,2021-11-11 01:24:51.644480,147317000,Sent
487,66,27,2023-01-21 23:13:44.065227,197981000,Pending
488,52,29,2024-06-14 15:18:49.887506,75154000,Sent
489,17,33,2021-10-26 21:23:50.447255,170661000,Pending
490,71,8,2020-08-26 04:20:06.713629,101155000,Pending
491,73,47,2020-04-05 06:50:29.544154,155576000,Pending
492,100,13,2020-06-29 04:11:07.296544,105860000,Pending
493,46,20,2020-08-16 09:41:08.330231,101964000,Sent
494,48,15,2022-10-25 00:00:04.309681,87182000,Pending
495,27,22,2024-02-10 21:42:04.646057,189016000,Pending
496,90,6,2021-06-05 14:01:20.562502,107539000,Pending
497,70,49,2021-02-13 05:46:26.801150,77715000,Sent
498,96,24,2021-03-31 16:28:12.944040,122670000,Sent
499,17,2,2024-07-19 12:48:36.409760,182840000,Pending
500,98,35,2020-03-01 04:35:45.778913,160770000,Pending
501,3,26,2023-11-22 00:49:13.091121,130161000,Sent
502,38,3,2022-07-30 09:10:54.251687,134503000,Sent
503,3,35,2020-03-06 13:39:43.733207,152669000,Pending
504,1,37,2022-02-28 22:20:16.390329,249831000,Sent
505,85,4,2022-07-08 14:54:59.890144,176149000,Pending
506,75,12,2020-02-29 23:38:19.588057,98283000,Pending
507,6,37,2022-02-17 00:28:35.045357,292827000,Pending
508,26,24,2021-04-24 10:12:58.248902,130644000,Sent
509,63,35,2020-03-25 16:10:49.576526,134539000,Sent
510,90,48,2020-09-22 21:35:50.487403,124092000,Sent
511,71,33,2021-10-24 20:25:59.694047,174127000,Sent
512,13,3,2022-07-21 21:53:17.178291,116491000,Sent
513,50,3,2022-07-29 12:08:58.517592,121392000,Sent
514,20,10,2020-11-10 10:27:30.748004,82395000,Pending
515,91,28,2024-06-03 13:50:34.313244,111318000,Sent
516,82,18,2022-04-25 16:33:11.999760,71466000,Pending
517,38,32,2024-05-13 16:01:11.217879,189759000,Sent
518,97,2,2024-07-10 08:57:49.596148,152555000,Sent
519,18,19,2021-01-08 05:30:07.639965,89775000,Sent
520,66,45,2023-08-03 14:15:54.830267,350713000,Pending
521,25,29,2024-06-19 17:38:11.969149,81173000,Sent
522,94,26,2023-11-28 07:37:51.663991,141703000,Pending
523,10,8,2020-08-22 23:35:23.529418,78742000,Sent
524,100,31,2020-05-15 00:57:43.418294,208979000,Pending
525,26,28,2024-06-15 03:12:53.496810,100467000,Pending
526,76,26,2023-11-27 17:20:15.563682,148993000,Pending
527,25,39,2021-12-01 11:20:31.433339,191265000,Pending
528,76,34,2022-01-15 14:19:36.497394,159221000,Pending
529,78,35,2020-03-14 20:29:50.351718,146366000,Sent
530,2,33,2021-10-06 10:30:06.611553,175238000,Sent
531,39,21,2024-02-19 02:16:16.619561,134043000,Pending
532,82,43,2020-12-28 21:00:59.804936,140360000,Sent
533,81,44,2024-03-19 16:05:59.582631,155290000,Sent
534,95,18,2022-05-06 09:22:00.243702,71656000,Sent
535,58,46,2021-09-22 20:48:26.689227,112429000,Sent
536,12,22,2024-02-25 06:10:26.334310,204096000,Pending
537,53,34,2021-12-29 20:19:17.190230,149768000,Sent
538,10,1,2021-11-15 05:14:20.119257,128988000,Sent
539,5,41,2024-06-04 08:49:31.710970,267956000,Sent
540,79,26,2023-11-21 01:36:45.958237,143926000,Sent
541,88,33,2021-10-19 15:28:27.597295,194616000,Sent
542,22,32,2024-05-26 16:53:52.743931,219407000,Sent
543,46,49,2021-01-30 12:13:45.835661,71103000,Sent
544,100,20,2020-08-10 19:09:14.936251,93948000,Pending
545,61,3,2022-08-07 09:45:18.743068,149988000,Pending
546,36,6,2021-06-07 18:19:08.596086,95123000,Pending
547,53,17,2024-05-16 02:27:50.818133,112681000,Pending
548,66,13,2020-07-14 18:22:08.419355,89088000,Pending
549,35,26,2023-12-03 14:49:10.916790,145015000,Pending
550,45,7,2020-03-16 00:58:28.010823,71456000,Sent
551,31,1,2021-10-31 09:21:22.866379,136124000,Sent
552,85,47,2020-04-19 07:04:07.998086,131076000,Sent
553,65,22,2024-02-14 18:57:32.671351,197378000,Sent
554,85,29,2024-07-01 09:42:31.345239,89639000,Pending
555,43,36,2022-04-08 06:11:31.036546,349969000,Pending
556,69,14,2021-03-20 04:19:24.605971,91009000,Pending
557,71,31,2020-05-18 22:15:43.171607,177678000,Pending
558,100,2,2024-07-27 13:04:07.565834,180045000,Pending
559,96,2,2024-07-20 04:53:50.850620,190149000,Sent
560,42,45,2023-08-06 04:13:40.147093,372701000,Sent
561,22,29,2024-06-16 01:10:24.230172,71463000,Sent
562,18,6,2021-06-10 04:15:37.435759,108126000,Sent
563,17,12,2020-02-29 22:24:44.863322,113452000,Sent
564,34,17,2024-05-12 01:29:52.995093,91257000,Sent
565,45,11,2023-04-15 16:05:32.301184,116810000,Sent
566,15,20,2020-08-08 00:13:46.689898,89696000,Pending
567,22,15,2022-10-14 19:36:40.207645,96758000,Pending
568,88,40,2023-05-06 23:11:41.838645,303620000,Sent
569,84,2,2024-07-26 19:39:18.157407,167884000,Sent
570,21,29,2024-06-25 21:09:13.102795,78968000,Pending
571,91,49,2021-02-16 13:12:51.304711,84966000,Sent
572,72,39,2021-12-22 22:31:15.241738,230918000,Sent
573,84,1,2021-11-22 07:01:46.614635,126900000,Sent
574,3,24,2021-04-17 01:52:51.326958,118659000,Sent
575,3,48,2020-09-03 17:28:02.858656,156200000,Pending
576,76,6,2021-06-10 07:19:30.151143,100999000,Sent
577,1,28,2024-06-12 21:15:17.725376,119307000,Pending
578,95,30,2023-12-24 11:23:41.399076,120878000,Sent
579,77,12,2020-02-22 07:08:27.746006,128130000,Sent
580,56,24,2021-04-15 00:56:42.973357,135461000,Pending
581,83,32,2024-05-06 16:04:01.361408,225544000,Pending
582,35,10,2020-10-28 12:03:26.776004,105565000,Sent
583,18,25,2022-01-26 01:09:16.978002,176753000,Sent
584,1,21,2024-03-03 13:45:36.792755,151579000,Pending
585,37,24,2021-04-17 09:29:45.590046,130338000,Sent
586,20,1,2021-11-03 07:25:23.141065,151112000,Pending
587,40,20,2020-08-29 21:38:50.299589,83527000,Sent
588,42,39,2021-11-27 02:34:58.583327,194645000,Pending
589,92,49,2021-01-23 10:25:49.873746,79843000,Pending
590,60,43,2021-01-08 15:58:35.249012,130556000,Sent
591,90,43,2020-12-12 06:39:44.035316,171103000,Sent
592,74,47,2020-04-06 09:24:44.793666,164499000,Sent
593,2,47,2020-04-15 08:24:36.295722,154688000,Pending
594,63,48,2020-09-13 10:27:35.191336,120076000,Pending
595,8,9,2021-05-04 20:54:54.362870,126688000,Sent
596,33,35,2020-02-28 11:53:23.845549,133468000,Pending
597,97,46,2021-09-26 08:46:45.650397,104160000,Pending
598,44,17,2024-04-25 21:19:51.525740,91463000,Sent
599,38,28,2024-06-04 15:22:26.646216,122839000,Pending
600,24,15,2022-10-15 21:05:03.004538,99497000,Sent
601,57,50,2020-09-23 20:04:03.331628,131078000,Pending
602,26,25,2022-01-15 04:46:54.475259,150068000,Pending
603,67,17,2024-05-07 23:29:21.047595,99391000,Pending
604,17,30,2024-01-01 13:59:20.785830,149512000,Sent
605,25,18,2022-04-29 23:15:25.850302,89714000,Sent
606,21,36,2022-04-02 18:54:18.605530,392569000,Pending
607,95,28,2024-06-22 18:38:45.048994,125314000,Sent
608,31,17,2024-05-03 11:32:48.282204,108185000,Pending
609,85,14,2021-03-31 16:37:20.512616,75591000,Pending
610,11,32,2024-05-07 15:47:14.871083,180733000,Sent
611,85,48,2020-09-24 23:48:01.334704,151698000,Pending
612,77,32,2024-05-11 22:57:52.408000,208580000,Pending
613,90,4,2022-07-01 21:25:02.823732,190466000,Pending
614,71,16,2022-11-24 09:45:44.916535,73301000,Sent
615,46,4,2022-07-15 00:08:57.109519,191045000,Pending
616,64,6,2021-06-05 00:41:24.807145,102830000,Pending
617,38,30,2024-01-04 02:49:27.048623,122057000,Sent
618,48,31,2020-05-02 01:24:19.874717,212371000,Sent
619,68,17,2024-05-20 15:02:50.135328,95597000,Pending
620,96,45,2023-07-25 17:39:44.631792,302321000,Pending
621,40,12,2020-03-12 06:00:06.294456,115769000,Pending
622,47,25,2022-01-23 14:07:50.908736,185436000,Sent
623,93,36,2022-04-02 23:37:04.001382,382353000,Pending
624,88,19,2020-12-16 20:18:28.783038,97032000,Sent
625,61,29,2024-06-30 12:54:21.245141,71277000,Sent
626,71,2,2024-07-17 07:10:52.082953,183881000,Sent
627,22,12,2020-03-13 08:42:34.407157,111458000,Pending
628,19,46,2021-10-07 04:57:04.942136,118439000,Sent
629,55,5,2020-09-09 16:11:40.090348,109687000,Pending
630,76,41,2024-06-15 12:00:57.985607,256949000,Pending
631,98,15,2022-10-25 02:07:10.655911,85261000,Sent
632,83,49,2021-01-29 09:34:35.570546,89121000,Pending
633,47,34,2022-01-10 06:18:53.810945,160836000,Pending
634,53,5,2020-09-16 06:01:52.189403,94485000,Pending
635,82,14,2021-03-16 04:33:11.147699,86313000,Pending
636,27,2,2024-07-17 15:39:26.738771,188480000,Sent
637,20,2,2024-08-02 03:17:39.696000,197831000,Pending
638,89,48,2020-09-21 12:36:58.038270,143610000,Sent
639,98,28,2024-06-19 13:18:12.664037,98816000,Pending
640,67,24,2021-04-14 05:15:16.676186,156645000,Sent
641,90,38,2024-02-25 19:58:52.082541,102075000,Pending
642,42,26,2023-11-30 09:51:28.315340,125957000,Sent
643,62,50,2020-09-08 02:14:57.811280,151514000,Sent
644,98,34,2022-01-16 07:45:50.559079,162991000,Sent
645,43,20,2020-08-27 07:06:15.654959,106667000,Sent
646,72,2,2024-07-11 22:38:10.142179,159888000,Sent
647,7,17,2024-04-23 10:58:18.778818,110602000,Sent
648,41,2,2024-07-20 00:48:54.333809,183890000,Pending
649,1,9,2021-05-16 05:02:53.328294,127647000,Sent
650,4,37,2022-02-22 07:16:30.034960,267230000,Sent
651,36,21,2024-02-19 08:12:37.879481,141958000,Sent
652,100,1,2021-11-17 06:32:36.412824,135522000,Pending
653,48,49,2021-01-29 21:59:22.709130,91262000,Sent
654,16,29,2024-06-12 16:30:45.670030,79313000,Pending
655,58,8,2020-08-06 22:16:52.210781,104166000,Pending
656,74,32,2024-05-12 07:35:16.383949,189772000,Sent
657,78,15,2022-10-24 03:08:17.993279,94247000,Sent
658,45,9,2021-04-29 11:10:22.525604,136132000,Pending
659,58,41,2024-06-03 19:11:08.119186,272784000,Pending
660,71,11,2023-04-17 06:45:42.848187,119683000,Pending
661,61,37,2022-02-14 14:36:04.294803,281825000,Pending
662,5,34,2022-01-11 12:16:59.588659,145959000,Sent
663,11,39,2021-11-26 23:10:51.181696,238257000,Pending
664,80,7,2020-02-27 16:58:57.536785,72454000,Pending
665,39,17,2024-05-08 06:02:32.637803,95690000,Pending
666,96,24,2021-04-04 22:36:21.602567,126839000,Sent
667,54,6,2021-05-28 04:58:09.060438,98841000,Pending
668,39,44,2024-03-15 16:40:40.933880,167341000,Sent
669,4,24,2021-04-19 04:15:24.106983,145251000,Sent
670,38,36,2022-04-19 19:42:53.649916,359924000,Pending
671,96,39,2021-11-28 23:38:51.921022,228203000,Sent
672,11,11,2023-04-03 06:47:02.257854,102855000,Pending
673,5,49,2021-02-09 18:38:50.750443,77999000,Pending
674,28,30,2024-01-06 13:23:11.624802,116396000,Pending
675,75,32,2024-05-26 11:10:36.901280,236927000,Sent
676,84,10,2020-11-13 06:38:13.964362,89847000,Sent
677,31,12,2020-02-29 05:07:17.574283,117657000,Pending
678,6,45,2023-07-29 22:59:09.692997,357974000,Sent
679,44,32,2024-05-08 09:56:40.675303,235531000,Pending
680,82,41,2024-06-23 05:26:59.370180,271259000,Pending
681,69,47,2020-04-01 04:59:14.141153,127893000,Sent
682,95,24,2021-04-20 19:23:49.776667,153580000,Sent
683,41,46,2021-10-05 18:07:33.615442,94782000,Sent
684,9,20,2020-08-07 12:45:35.192473,101894000,Pending
685,67,13,2020-07-06 12:13:55.735262,96607000,Sent
686,26,22,2024-02-20 23:11:13.786611,208044000,Sent
687,1,47,2020-04-07 10:25:34.512327,150402000,Sent
688,15,7,2020-02-27 03:59:40.496272,91749000,Sent
689,28,48,2020-09-05 22:10:19.846541,154833000,Sent
690,21,38,2024-02-29 23:37:14.899067,96598000,Pending
691,70,50,2020-09-23 15:57:33.132614,119000000,Pending
692,30,19,2020-12-23 17:44:08.031954,99878000,Pending
693,38,13,2020-07-11 16:33:12.408263,109431000,Pending
694,31,28,2024-06-11 08:48:39.295768,106785000,Pending
695,60,4,2022-06-27 19:52:57.486741,206595000,Pending
696,7,20,2020-08-18 04:44:16.057134,105829000,Pending
697,97,42,2023-04-29 03:02:42.938480,129630000,Pending
698,1,16,2022-12-06 17:35:28.358447,64240000,Pending
699,22,15,2022-10-04 12:22:19.809106,88704000,Sent
700,78,45,2023-07-24 04:55:12.817026,360439000,Pending
701,94,28,2024-06-07 19:29:32.698110,112657000,Sent
702,90,22,2024-02-11 09:02:44.135910,158496000,Sent
703,69,12,2020-02-16 13:12:23.969043,123351000,Pending
704,43,1,2021-11-07 02:14:31.376758,132619000,Sent
705,77,43,2020-12-22 02:03:02.119081,130792000,Pending
706,28,25,2022-01-26 12:18:53.735278,149928000,Pending
707,99,25,2022-01-08 06:19:39.609832,159076000,Sent
708,59,46,2021-10-02 04:48:28.000132,89632000,Sent
709,39,8,2020-08-22 21:25:14.531755,86246000,Sent
710,65,10,2020-11-19 16:29:59.775283,108104000,Sent
711,67,46,2021-09-22 22:47:50.827909,94512000,Pending
712,5,40,2023-05-15 15:36:18.368183,339768000,Sent
713,56,2,2024-07-24 04:03:18.532432,197387000,Sent
714,78,25,2022-01-11 23:14:56.764391,186022000,Pending
715,77,41,2024-06-18 06:03:09.264760,324136000,Sent
716,36,48,2020-09-22 01:32:21.154346,158019000,Pending
717,81,38,2024-03-01 22:22:26.574989,96979000,Sent
718,62,4,2022-06-26 02:08:54.081577,206857000,Pending
719,19,8,2020-09-01 22:38:07.131760,83368000,Pending
720,54,26,2023-11-27 19:23:07.221584,159233000,Sent
721,20,28,2024-05-30 07:48:00.105085,104192000,Pending
722,23,9,2021-05-07 03:09:53.927224,136543000,Sent
723,81,14,2021-04-11 21:55:08.427248,75204000,Sent
724,2,15,2022-10-30 16:50:51.907315,75209000,Pending
725,95,43,2021-01-02 21:08:49.798738,132035000,Sent
726,19,47,2020-04-20 17:02:24.901817,127616000,Sent
727,78,41,2024-06-02 22:50:19.999504,302196000,Sent
728,59,17,2024-05-05 21:42:24.667567,100973000,Pending
729,10,27,2023-01-07 22:04:56.933648,157199000,Sent
730,32,36,2022-04-18 20:03:05.139180,358996000,Pending
731,67,11,2023-04-06 14:58:51.049608,95156000,Pending
732,10,35,2020-03-22 06:22:47.212238,141865000,Pending
733,78,41,2024-06-25 06:25:22.586517,251081000,Sent
734,80,48,2020-09-05 16:43:08.323024,128688000,Pending
735,13,5,2020-09-23 17:56:30.855852,114655000,Sent
736,11,47,2020-03-26 12:19:24.564641,160134000,Sent
737,89,44,2024-03-11 20:43:13.755062,131629000,Sent
738,94,31,2020-05-17 02:09:44.930188,203590000,Sent
739,83,27,2023-01-11 20:39:31.408720,204631000,Pending
740,74,33,2021-10-21 05:15:10.216982,194231000,Pending
741,65,1,2021-11-21 14:04:30.930474,135481000,Pending
742,10,31,2020-05-02 21:08:44.937344,185957000,Pending
743,64,21,2024-03-10 07:59:21.922106,173907000,Pending
744,89,7,2020-03-02 06:20:32.719794,68309000,Sent
745,86,25,2022-01-03 13:47:05.848530,190769000,Pending
746,34,12,2020-02-25 18:12:44.812505,124917000,Pending
747,17,12,2020-03-05 22:05:16.541562,123401000,Pending
748,67,4,2022-07-04 23:25:33.744746,183878000,Pending
749,9,38,2024-03-02 21:35:41.222817,106178000,Sent
750,36,31,2020-04-25 14:04:37.118856,194539000,Pending
751,23,20,2020-08-05 16:14:56.074874,81554000,Sent
752,92,1,2021-11-02 09:43:48.215054,164724000,Sent
753,71,37,2022-02-27 18:50:37.348228,326685000,Pending
754,64,20,2020-08-05 11:36:58.192649,97499000,Pending
755,62,11,2023-04-08 00:22:14.286000,110490000,Sent
756,96,45,2023-08-12 08:43:46.511313,339230000,Sent
757,41,28,2024-06-21 21:00:45.091697,112801000,Pending
758,62,32,2024-05-12 20:09:36.510026,186623000,Pending
759,22,12,2020-02-28 21:54:33.522843,96357000,Sent
760,66,18,2022-04-21 22:32:59.276587,90936000,Sent
761,96,9,2021-04-30 04:00:28.980459,123891000,Sent
762,91,43,2020-12-18 11:17:10.408859,149939000,Pending
763,62,2,2024-07-09 22:02:28.990662,177651000,Sent
764,31,3,2022-07-23 10:33:36.291380,149019000,Sent
765,55,12,2020-03-02 07:45:49.251193,98410000,Sent
766,4,5,2020-08-29 07:53:46.188505,91321000,Pending
767,19,31,2020-05-11 05:46:52.933455,196425000,Pending
768,12,26,2023-11-26 16:52:27.074893,123802000,Sent
769,15,33,2021-10-04 09:30:51.106687,171986000,Pending
770,7,27,2023-01-08 15:44:58.772450,166383000,Sent
771,26,11,2023-04-17 04:06:41.955982,114712000,Sent
772,78,44,2024-03-19 15:42:44.376548,133751000,Sent
773,57,50,2020-09-22 03:55:50.165807,143661000,Pending
774,73,33,2021-10-24 18:21:45.225325,191897000,Sent
775,59,17,2024-05-13 15:25:02.198364,89143000,Sent
776,74,37,2022-02-25 11:25:58.088789,250243000,Pending
777,87,43,2020-12-26 00:06:38.935245,136605000,Pending
778,10,20,2020-08-23 17:20:47.352354,103236000,Sent
779,49,32,2024-04-29 00:08:38.051769,216678000,Sent
780,52,5,2020-09-06 01:17:35.350135,104546000,Pending
781,24,16,2022-11-13 02:49:33.689715,77609000,Sent
782,3,18,2022-05-04 04:44:46.048515,88720000,Sent
783,31,25,2022-01-26 02:17:26.048370,173122000,Pending
784,98,41,2024-06-16 20:33:06.289904,247887000,Sent
785,13,11,2023-04-10 04:41:52.560106,123134000,Sent
786,77,31,2020-05-18 18:43:52.147148,209769000,Pending
787,37,14,2021-03-29 02:13:29.595560,74424000,Pending
788,75,29,2024-06-29 04:50:39.314931,83664000,Pending
789,63,50,2020-09-06 20:26:17.467346,128349000,Pending
790,13,29,2024-07-01 09:48:38.426090,70548000,Sent
791,50,22,2024-02-01 17:33:24.371027,172869000,Sent
792,40,35,2020-02-28 05:08:27.872483,156968000,Pending
793,89,44,2024-03-23 08:40:10.293474,126401000,Sent
794,32,50,2020-09-12 03:42:12.242472,118880000,Pending
795,60,4,2022-07-11 23:29:39.992163,189061000,Pending
796,34,16,2022-12-05 00:19:26.149798,67842000,Pending
797,23,41,2024-06-27 19:18:22.170839,253978000,Pending
798,95,26,2023-12-18 03:57:24.887320,147365000,Sent
799,44,28,2024-06-14 20:48:15.187729,108288000,Sent
800,13,36,2022-04-10 17:58:06.148634,344704000,Sent
801,95,23,2021-01-29 23:03:37.837805,169393000,Pending
802,76,24,2021-04-10 03:04:16.207007,119473000,Pending
803,39,36,2022-04-04 23:36:07.304096,327394000,Sent
804,23,5,2020-09-23 19:24:53.012541,94773000,Sent
805,37,16,2022-12-05 09:29:22.440219,64349000,Pending
806,74,36,2022-04-01 11:48:36.497428,383909000,Sent
807,70,23,2021-02-05 15:05:45.763256,179224000,Pending
808,77,12,2020-02-26 23:34:40.604242,111557000,Sent
809,86,1,2021-11-15 21:01:05.571652,128825000,Sent
810,60,19,2021-01-09 15:17:23.394110,101143000,Pending
811,6,43,2021-01-06 06:01:13.131696,141611000,Pending
812,11,25,2022-01-04 06:46:39.567768,155322000,Sent
813,80,27,2023-01-09 14:48:56.011529,198910000,Pending
814,14,38,2024-03-06 10:22:29.490832,106853000,Sent
815,19,12,2020-02-25 15:18:39.400705,113373000,Pending
816,17,50,2020-09-26 11:40:28.698928,135737000,Sent
817,37,41,2024-06-11 22:27:13.696302,321104000,Pending
818,21,3,2022-08-12 15:42:33.035616,115270000,Pending
819,84,22,2024-02-22 21:37:00.513534,174347000,Pending
820,59,47,2020-04-19 13:50:52.601606,132651000,Sent
821,96,17,2024-04-28 20:56:23.421105,105407000,Sent
822,3,25,2022-01-16 13:09:23.316772,168445000,Sent
823,24,47,2020-04-17 21:07:57.969798,153283000,Pending
824,15,9,2021-05-07 04:19:57.312642,133566000,Sent
825,91,37,2022-02-10 21:29:42.177301,271776000,Pending
826,96,32,2024-05-23 11:54:35.017190,175036000,Sent
827,81,40,2023-05-07 09:11:19.719436,291344000,Pending
828,82,48,2020-09-05 12:36:43.804046,144181000,Pending
829,81,25,2022-01-16 05:44:51.294160,176360000,Sent
830,18,50,2020-09-27 01:30:31.117435,128581000,Sent
831,15,38,2024-03-14 22:58:43.733491,103001000,Pending
832,47,19,2020-12-21 18:47:01.032617,97828000,Sent
833,15,39,2021-12-20 03:32:37.875109,198953000,Sent
834,65,1,2021-11-19 05:47:13.561277,152841000,Sent
835,43,45,2023-08-13 00:34:57.569903,339193000,Sent
836,88,14,2021-04-07 14:37:19.732231,94701000,Sent
837,41,43,2021-01-04 13:20:08.479032,171030000,Sent
838,2,3,2022-07-23 09:44:12.281449,123104000,Sent
839,49,18,2022-05-07 01:40:06.947243,73064000,Sent
840,8,49,2021-02-01 18:26:04.365865,82175000,Pending
841,82,16,2022-11-26 13:14:37.749443,73358000,Pending
842,45,10,2020-11-01 07:18:39.022902,93036000,Pending
843,68,6,2021-06-17 08:10:38.340004,87987000,Sent
844,44,28,2024-06-21 03:39:51.064609,95478000,Pending
845,1,1,2021-11-14 17:23:39.171079,144550000,Sent
846,49,25,2022-01-24 06:38:18.390370,183064000,Pending
847,54,46,2021-10-05 23:36:46.774994,111500000,Pending
848,4,22,2024-02-06 18:15:31.566432,203678000,Sent
849,93,21,2024-02-18 01:59:03.297404,153789000,Pending
850,42,38,2024-03-02 20:30:02.722745,100202000,Pending
851,25,10,2020-11-20 20:13:56.824867,93491000,Pending
852,69,24,2021-04-17 21:02:24.380651,119882000,Pending
853,99,29,2024-06-18 01:03:24.429931,73227000,Pending
854,98,34,2022-01-08 20:17:06.894874,160627000,Sent
855,100,9,2021-05-07 10:11:56.911587,142195000,Sent
856,55,21,2024-02-18 02:19:24.675275,173890000,Sent
857,84,47,2020-04-11 20:51:16.354777,128135000,Pending
858,75,43,2021-01-07 22:23:54.118621,135344000,Sent
859,90,41,2024-06-11 19:06:46.928537,315422000,Sent
860,81,30,2023-12-25 05:32:48.501972,114218000,Sent
861,18,17,2024-05-11 21:52:38.667465,92265000,Sent
862,46,45,2023-08-06 06:14:57.115363,303736000,Sent
863,34,7,2020-03-09 15:55:40.669613,74135000,Sent
864,90,22,2024-02-14 15:33:40.740460,167570000,Sent
865,94,25,2022-01-03 09:32:51.248682,146091000,Sent
866,50,36,2022-04-02 00:28:38.481268,370605000,Sent
867,60,29,2024-06-29 00:23:07.094989,79908000,Sent
868,7,23,2021-02-05 10:14:58.243071,137674000,Sent
869,100,5,2020-09-18 21:07:22.508915,87129000,Pending
870,64,14,2021-04-04 14:17:38.539001,75982000,Sent
871,73,33,2021-10-15 14:08:53.316921,173746000,Sent
872,56,22,2024-02-09 17:16:43.329677,190610000,Pending
873,73,37,2022-02-11 18:09:10.639806,320301000,Sent
874,14,38,2024-03-16 13:33:45.582767,104342000,Pending
875,99,3,2022-08-13 10:14:48.782899,143287000,Sent
876,20,47,2020-04-18 16:52:33.454799,142433000,Sent
877,98,1,2021-11-21 07:07:36.248914,136719000,Pending
878,34,35,2020-03-07 04:25:57.555016,156249000,Sent
879,73,12,2020-03-03 19:43:36.681700,99656000,Pending
880,94,32,2024-04-29 22:22:36.533139,175303000,Pending
881,13,46,2021-10-06 03:33:30.540257,110216000,Sent
882,92,16,2022-11-13 15:32:37.376975,66154000,Sent
883,15,11,2023-04-24 17:29:04.174894,108063000,Sent
884,92,37,2022-02-25 04:29:48.603220,286680000,Pending
885,59,20,2020-08-06 21:39:26.231058,90265000,Pending
886,67,43,2020-12-23 21:05:09.417341,152025000,Sent
887,48,34,2022-01-07 08:08:10.135305,162250000,Sent
888,72,1,2021-11-05 20:36:51.822084,163950000,Pending
889,77,31,2020-05-04 06:46:06.818006,191145000,Sent
890,22,12,2020-02-15 00:13:24.758738,126792000,Sent
891,25,36,2022-04-18 12:18:58.104796,381906000,Sent
892,38,9,2021-04-25 23:30:30.185221,130672000,Sent
893,13,35,2020-03-12 10:22:44.432002,159318000,Pending
894,56,38,2024-02-29 23:17:04.864069,95704000,Pending
895,41,32,2024-05-02 12:25:41.777682,213563000,Pending
896,22,23,2021-01-19 12:12:53.814372,143807000,Pending
897,72,25,2022-01-20 12:04:02.856717,186880000,Pending
898,38,2,2024-07-23 05:32:13.089473,186469000,Sent
899,45,24,2021-04-26 10:53:59.029589,135741000,Pending
900,38,45,2023-08-12 04:42:51.456394,299908000,Sent
901,52,50,2020-09-15 04:12:09.816989,120112000,Pending
902,69,5,2020-09-06 18:51:02.499405,91573000,Sent
903,83,3,2022-07-25 07:09:00.331238,113520000,Pending
904,91,26,2023-12-11 13:45:50.439501,126967000,Sent
905,11,37,2022-02-19 23:21:56.702116,266258000,Sent
906,63,47,2020-04-12 03:25:10.903039,137230000,Pending
907,50,49,2021-02-10 10:41:04.095795,74590000,Sent
908,85,44,2024-04-02 09:48:57.515415,154223000,Sent
909,47,38,2024-03-16 13:58:36.601868,102095000,Pending
910,29,8,2020-08-15 12:32:59.663274,103747000,Sent
911,25,35,2020-03-08 16:43:17.947850,131383000,Pending
912,71,35,2020-03-22 09:01:23.429198,167808000,Sent
913,14,37,2022-02-23 17:04:08.543747,282300000,Sent
914,49,20,2020-08-23 15:30:39.245766,82139000,Sent
915,20,1,2021-10-29 15:33:58.543179,125661000,Pending
916,57,9,2021-05-17 01:44:08.033016,137044000,Pending
917,84,7,2020-03-10 14:36:03.876853,86008000,Sent
918,75,18,2022-04-14 05:06:01.155305,76475000,Pending
919,18,43,2021-01-03 23:02:37.948932,143183000,Sent
920,52,32,2024-04-30 11:00:05.558560,191998000,Pending
921,3,47,2020-04-09 11:30:22.799379,167825000,Pending
922,42,49,2021-01-24 20:19:21.795329,73286000,Pending
923,75,37,2022-02-16 00:20:10.072875,257676000,Sent
924,85,44,2024-03-31 06:19:20.442452,151173000,Sent
925,20,31,2020-05-16 09:40:34.535502,197400000,Pending
926,23,9,2021-05-01 01:40:26.416692,134925000,Sent
927,26,19,2020-12-18 11:28:54.421552,101199000,Sent
928,10,28,2024-06-14 14:16:05.218254,108018000,Sent
929,50,37,2022-02-24 02:17:24.738147,273667000,Sent
930,28,14,2021-04-04 14:29:57.037622,86762000,Sent
931,67,10,2020-10-27 15:08:29.756538,86026000,Pending
932,98,7,2020-02-24 09:21:27.828401,84722000,Pending
933,89,36,2022-04-11 02:18:16.286477,352239000,Sent
934,33,6,2021-06-19 02:58:27.886922,85675000,Pending
935,59,24,2021-04-20 01:33:47.037474,143760000,Pending
936,58,33,2021-10-07 18:04:44.737924,164690000,Pending
937,57,48,2020-09-12 10:11:21.751263,129538000,Pending
938,97,18,2022-04-20 21:01:48.336041,81408000,Sent
939,44,28,2024-06-23 00:36:47.747908,97933000,Sent
940,24,17,2024-05-20 21:43:07.116377,101948000,Sent
941,21,28,2024-06-15 12:38:19.876843,100226000,Sent
942,61,26,2023-12-12 00:05:53.809372,131435000,Pending
943,13,42,2023-05-10 18:17:19.286133,152795000,Pending
944,73,50,2020-10-02 17:26:47.276700,131336000,Pending
945,82,27,2023-01-27 21:24:32.373793,182908000,Sent
946,59,15,2022-10-17 17:17:09.889324,78567000,Pending
947,83,1,2021-10-28 02:23:55.129487,152910000,Sent
948,94,14,2021-03-25 10:27:16.203258,77964000,Sent
949,51,23,2021-01-12 22:22:15.927507,163939000,Pending
950,2,9,2021-05-13 13:02:34.903577,132148000,Sent
951,65,3,2022-07-20 22:37:33.431251,153042000,Sent
952,27,20,2020-08-07 01:10:45.324502,82207000,Pending
953,4,15,2022-10-19 11:57:35.758037,96921000,Sent
954,92,45,2023-08-02 20:33:58.681832,296262000,Sent
955,30,25,2022-01-03 05:07:22.432519,171267000,Pending
956,20,13,2020-06-28 12:50:44.662572,85985000,Sent
957,54,49,2021-01-29 04:39:19.415272,71038000,Pending
958,58,28,2024-06-17 06:03:48.589604,124478000,Pending
959,99,35,2020-03-18 00:28:00.286238,135931000,Pending
960,42,15,2022-10-20 01:37:33.079661,97285000,Sent
961,73,19,2020-12-22 10:25:11.018574,103353000,Sent
962,99,29,2024-06-30 05:37:59.666970,81973000,Pending
963,2,41,2024-05-31 19:09:30.508461,270046000,Sent
964,43,21,2024-02-20 10:01:47.596322,156201000,Pending
965,49,7,2020-02-24 01:43:50.889735,78722000,Pending
966,43,4,2022-07-08 18:30:59.658624,164776000,Pending
967,52,16,2022-11-21 19:37:21.504113,60441000,Pending
968,93,7,2020-02-28 02:25:34.790781,91600000,Sent
969,100,13,2020-06-24 17:39:01.961901,96616000,Sent
970,16,45,2023-07-17 19:03:45.793920,315381000,Pending
971,12,17,2024-05-07 17:28:57.831657,85570000,Sent
972,93,35,2020-03-20 04:55:02.284935,133517000,Pending
973,48,31,2020-05-07 06:09:48.808298,188971000,Pending
974,45,31,2020-05-22 19:24:31.630965,194787000,Sent
975,31,10,2020-11-23 07:11:58.935440,88690000,Sent
976,62,16,2022-11-30 10:23:46.268926,68813000,Pending
977,79,30,2023-12-23 11:19:03.821834,112491000,Sent
978,1,1,2021-11-21 06:09:30.881225,146450000,Sent
979,97,30,2023-12-21 14:14:41.555931,124636000,Pending
980,67,17,2024-05-16 21:06:41.822031,104914000,Sent
981,7,6,2021-05-31 15:57:06.104701,92217000,Pending
982,55,33,2021-10-30 07:28:31.637874,175486000,Sent
983,95,42,2023-04-20 14:35:50.302896,132971000,Sent
984,21,11,2023-04-22 04:54:00.868846,104498000,Pending
985,10,25,2022-01-13 22:08:37.371573,180084000,Pending
986,96,16,2022-11-12 16:25:24.714189,58234000,Pending
987,17,39,2021-12-04 08:25:22.882669,249175000,Pending
988,81,1,2021-11-22 03:09:32.006908,130385000,Sent
989,92,38,2024-03-09 18:12:49.574732,101101000,Sent
990,39,32,2024-04-28 21:31:44.793880,220451000,Sent
991,68,34,2021-12-26 07:55:10.229043,139424000,Pending
992,13,39,2021-12-17 11:59:09.331093,251861000,Sent
993,23,7,2020-03-14 10:35:19.226400,72750000,Sent
994,96,38,2024-02-19 18:03:53.823768,109951000,Pending
995,94,3,2022-07-22 10:09:06.742049,114614000,Sent
996,32,50,2020-09-22 01:29:04.734343,127016000,Pending
997,12,43,2020-12-29 15:47:28.889187,158447000,Pending
998,69,7,2020-03-20 15:15:28.741730,70376000,Pending
999,86,17,2024-05-03 14:01:51.994295,98289000,Sent
1000,90,19,2020-12-28 14:50:34.902505,85889000,Sent
